Id_item,Item,Description,Type
229,OSP0000114,COPPER CABLE 20X2X0.4,Consumible
294,TMS0003415,H80D00SCUN02 - SUPER CONTROL UNIT BOARD,Consumible
264,PWR0000178,532244-001-00 FUENTES DE ALIMENTACION DE VOLTAJE,Consumible
293,TMS0003414,H80D00GPFD22 - 16 PORTS GPON OLT INTERFACE BOARD SPARE PART,Consumible
295,TMS0003431,OSG002004 - PON TRANSCEIVER SFP 1490NM(TX)/1310NM(RX) 2.488GB/S(TX)/1.244GB/S(RX,Consumible
11,ACC0003831,SWITCH EX4200-24F,Consumible
125,LML0000197,"852-10133 ACCESSETHERLINX, TX/4 + SSFX-SM1310-SC (1310XMT/1550RCV) 20KM IMC NETW",Consumible
303,TMS0004330,"ODF DE 24 POSICIONES SC/APC COMPLETO, PANDUIT",Consumible
83,COR0000812,FWDM-NS1019  EXFO  FILTRO C-WDM 1650NM,Consumible
227,OSP0000111,FIBER OPTIC CABLE ADSS FOR 150 METER GAPS 48 THREADS,Consumible
31,ACC0006175,BE-HDD/2TBHARD BOLIDE DISK DRIVE SPECIAL VIDEO SECURITY GRADE HARD DRIVE 2 TB WI,Consumible
30,ACC0006174,BE-HDD/1TBHARD BOLIDE DISK DRIVE 1TB VIDEO SECURITY GRADE HARD DRIVE INCLUDES IN,Consumible
77,ADM0000717,"MVR9004/4GW GRABADOR MOVIL ANALOGO BOLIDE. ADVANCED 4CH MOBILE DVR WITH GPS, 4G,",Consumible
78,ADM0000718,"BV1109/MOVWD CAMARA ANALOGA BOLIDE.720P MOBILE DOME CAMERA, 1/3 1.3MP SONY CMOS,",Consumible
79,ADM0000720,MVP-PPT-DECODER DONGLE PTT BOLIDE INTERCOM DECODER,Consumible
290,TMS0002333,RW-9924-0006 RADWIN  RW STP OUTDOOR LIGHTNING PROTECTOR UNIT KIT,Consumible
151,LML0001389,MA-PWR-CORD-US MA-PWR-CORD-US,Consumible
22,ACC0005469,PATCH CORD G.652D DUPLEX 3.0MM PVC SC/APC-SC/APC 3M,Consumible
26,ACC0006155,"BN7019H.265 4MP IP CAMERA WITH POE (SMALL DOME, 3.6MM, NO AUDIO, NO SD CARD)",Consumible
27,ACC0006156,"BN7035H.265 4MP IP CAMERA WITH POE (BIG DOME, 2.8 12MM MOTORIZED VARIFOCAL LENS,",Consumible
44,ACC0006697,ARMORED PATCHCORD SC/UPC - SC/APC 2 MTS RED ITU-T G.657 B3 3MM LSZH / RISER WITH,Consumible
45,ACC0006698,ARMORED PATCHCORD SC/UPC - SC/APC 3 MTS RED ITU-T G.657 B3 3MM LSZH / RISER WITH,Consumible
47,ACC0006700,ARMORED PATCHCORD SC/UPC - SC/APC 7 MTS RED ITU-T G.657 B3 3MM LSZH / RISER WITH,Consumible
49,ACC0006703,ARMORED PATCHCORD SC/APC - SC/APC 2 MTS RED ITU-T G.657 B3 3MM LSZH / RISER WITH,Consumible
52,ACC0006706,ARMORED PATCHCORD LC/UPC - SC/APC 5 MTS RED ITU-T G.657 B3 3MM LSZH / RISER WITH,Consumible
53,ACC0006707,ARMORED PATCHCORD LC/UPC - SC/APC 6 MTS RED ITU-T G.657 B3 3MM LSZH / RISER WITH,Consumible
54,ACC0006708,ARMORED PATCHCORD LC/UPC - SC/APC 7 MTS RED ITU-T G.657 B3 3MM LSZH / RISER WITH,Consumible
251,OSP0001856,ARMORED PATCHCORD SC/APC - SC/APC 10 MTS RED ITU-T G.657 B3 3MM LSZH / RISER WIT,Consumible
252,OSP0001857,ARMORED PATCHCORD SC/APC - SC/APC 5 MTS RED ITU-T G.657 B3 3MM LSZH / RISER WITH,Consumible
253,OSP0001858,ARMORED PATCHCORD SC/UPC - LC/UPC 2 MTS RED ITU-T G.657 B3 3MM LSZH / RISER WITH,Consumible
254,OSP0001859,ARMORED PATCHCORD SC/APC - SC/UPC 6 MTS RED ITU-T G.657 B3 3MM LSZH / RISER WITH,Consumible
255,OSP0001860,ARMORED PATCHCORD SC/UPC - LC/UPC 8 MTS RED ITU-T G.657 B3 3MM LSZH / RISER WITH,Consumible
256,OSP0001862,ARMORED PATCHCORD SC/UPC - LC/UPC 1 MTS RED ITU-T G.657 B3 3MM LSZH / RISER WITH,Consumible
257,OSP0001864,ARMORED PATCHCORD SC/UPC - LC/UPC 3 MTS RED ITU-T G.657 B3 3MM LSZH / RISER WITH,Consumible
258,OSP0001865,ARMORED PATCHCORD SC/UPC - LC/UPC 4 MTS RED ITU-T G.657 B3 3MM LSZH / RISER WITH,Consumible
259,OSP0001866,ARMORED PATCHCORD SC/UPC - LC/UPC 5 MTS RED ITU-T G.657 B3 3MM LSZH / RISER WITH,Consumible
260,OSP0001867,ARMORED PATCHCORD SC/UPC - LC/UPC 6 MTS RED ITU-T G.657 B3 3MM LSZH / RISER WITH,Consumible
46,ACC0006699,ARMORED PATCHCORD SC/UPC - SC/APC 5 MTS RED ITU-T G.657 B3 3MM LSZH / RISER WITH,Consumible
250,OSP0001855,ARMORED PATCHCORD LC/UPC - SC/APC 15 MTS RED ITU-T G.657 B3 3MM LSZH / RISER WIT,Consumible
48,ACC0006701,ARMORED PATCHCORD SC/UPC - SC/APC 10 MTS RED ITU-T G.657 B3 3MM LSZH / RISER WIT,Consumible
56,ACC0006710,ARMORED PATCHCORD LC/UPC - SC/APC 10 MTS RED ITU-T G.657 B3 3MM LSZH / RISER WIT,Consumible
51,ACC0006705,ARMORED PATCHCORD LC/UPC - SC/APC 3 MTS RED ITU-T G.657 B3 3MM LSZH / RISER WITH,Consumible
55,ACC0006709,ARMORED PATCHCORD LC/UPC - SC/APC 8 MTS RED ITU-T G.657 B3 3MM LSZH / RISER WITH,Consumible
241,OSP0001313,AT-3BE27DT-048-CLCB AGS N/A FIBER OPTICAL 48H ZWP,Consumible
50,ACC0006704,ARMORED PATCHCORD LC/UPC - SC/APC 2 MTS RED ITU-T G.657 B3 3MM LSZH / RISER WITH,Consumible
130,LML0000617,S-3553 MIKROTIK LC20D SFP MODULE PAIR,Consumible
6,ACC0001584,GPON 1X16 G657A NC GENERICO SPLITTER GPOM 1X16 G657A  NC,Consumible
23,ACC0005486,PATCH CORD G.652D DUPLEX 3.0MM PVC E2000/APC-SC/UPC 10M,Consumible
3,ACC0001034,STP CABLE (FOR EXTERIOR) 305 METERS,Consumible
226,OSP0000109,FIBER OPTIC CABLE 24 THREADS,Consumible
302,TMS0003845,S4021159 OFOAPCS00 HUAWEI FIXED OPTICAL ATTENUATOR(PCS),Consumible
301,TMS0003560,"34060613 HUAWEI OSX010N01 OPTICAL TRANSCEIVER,SFP+,1310NM,8.5GB/S-11.1GB/S WITH ",Consumible
28,ACC0006158,BN NVR/8NXH.265 8 CHANNEL WITH 8 POE NVR (2XHDD HOUSING) (NO HDD),Consumible
29,ACC0006159,BN NVR/16NXH.265 16 CHANNEL WITH 16 POE NVR (2XHDD HOUSING),Consumible
167,LML0001765,1702002600-POWER CORD UL 3P 10A 125V 183CM-ADVANTECH,Consumible
168,LML0001766,FWA-1010VC-RMT- RACKMOUNT KITt ADS-SPAREPART-ADVANTECH,Consumible
33,ACC0006385,ARMORED PATCHCORD SC/APC - SC/APC G.657B3 SIMPLEX 1MTS LSZH YELLOW 3MM,Consumible
25,ACC0005909,"PREFORMED 8MM, 4 ALUMINUM WIRE HUMNBRALL",Consumible
15,ACC0004504,FURUKWA FK-CTO-16MC OPTICAL TERMINATION BOX WITH CONECTORS SC/APC,Consumible
224,OSP0000040,FITTING ALUMINUM SUPPORT FOR ADSS 9.5-11.66 MM,Consumible
228,OSP0000113,FIBER OPTIC CABLE ADSS FOR 150 METER GAPS 12 THREADS,Consumible
236,OSP0001134,FIBRA OPTICA 144 HILOS,Consumible
1,ACC0000430,INTERNAL TERMINAL BOX FOR CLIENT,Consumible
243,OSP0001422,Mufa 1 hilo One Step Small Closure OSSC 3M,Consumible
170,LML0001768,00-PARTS-RACKMOUNT-FW-7551PN9NSFBUDZ100,Consumible
159,LML0001697,MA-PWR-CORD-US-AC POWER CORD FOR MX AND MS (US PLUG)-MERAKI,Consumible
36,ACC0006391,ARMORED PATCHCORD LC/UPC - SC/UPC G.657B3 SIMPLEX 1MTS LSZH YELLOW 3MM,Consumible
41,ACC0006402,ARMORED PATCHCORD FC/UPC-SC/UPC G.657B3 SIMPLEX 5MT LSZH YELLOW 3.0MM,Consumible
9,ACC0001606,287214073C1E1 REMATE PUNTO MORADO PLP,Consumible
57,ACC0007435,24 PORT OPTICAL TERMINATION BOX WITH SC / UPC CONNECTORS,Consumible
175,LML0001881,GLOB-LS134SMK-LNA GLOBALSAT SMOKE AND HEAT DETECTOR SENSOR LS-134 GLOBALSAT,Consumible
176,LML0001882,WSTR-V450MS00-LNA WOODSTREAM SMART-KILL ELECTRONIC MOUSE TRAP SENSOR V450 VICTOR,Consumible
177,LML0001883,WSTR-V460RA00-LNA WOODSTREAM SMART-KILL ELECTRONIC RAT TRAP SENSOR V460 VICTOR,Consumible
178,LML0001884,GOR-ACTI3B00-LNA AGORAOPINION SATISFACTION TERMINAL 3 BUTTON SENSOR ACTION+TERMI,Consumible
179,LML0001885,GLOB-LT501H00-LNA GLOBALSAT PUSH BUTTON LT-501 GLOBALSAT,Consumible
180,LML0001886,NEVX-R312A000-LNA NETVOX WIRELESS EMERGENCY BUTTON SENSOR R312A NETVOX,Consumible
181,LML0001887,"NEVX-RB11E000-LNA NETVOX WIRELESS OCCUPANCY, TEMPERATURE AND LIGHT SENSOR RB11E ",Consumible
182,LML0001889,NEVX-R7110000-LNA NETVOX WIRELESS TEMPERATURE AND HUMIDITY SENSOR R711 NETVOX,Consumible
16,ACC0004554,OPTICAL COUPLER SC/APC WITH SHUTTER,Consumible
135,LML0000827,OPTICAL CONNECTOR ROSETTE 4X2,Consumible
230,OSP0000118,FTTH FLAT DROP CABLE 8 THREADS,Consumible
14,ACC0004499,GENERIC SPLITTER 1X8 G657A NC/SC-APC,Consumible
12,ACC0003909,CLAMP 4 WAY,Consumible
234,OSP0000186,MUFA P FIBRA COYOTE PLP DE 24 EMPALMES SIN BANDEJAS,Consumible
300,TMS0003437,POE UNIT - UNIDAD POE  ENTRADA 120 VAC  UN PUERTO ETHERNET INTERFAZ 100BASET/GBE,Consumible
17,ACC0004811,80809958 KIT DE CHAROLA DE EMPALME DE 12 FIBRAS,Consumible
59,ACC0007543,PIGTAIL 2.5 METERS SC-UPC,Consumible
65,ACC0008551,ADP-SC00-CCGDF-CLS ADAPTER SC-APC SIMPLEX WITH MOUNTING CLIP CORNING,Consumible
66,ACC0008552,004401R4131002M 1 F PIGTAIL TO SC-APC 900 SINGLE MODE 2M CORNING,Consumible
134,LML0000826,OPTICAL CONECTOR FTTX SC/APC ASSEMBLY AT THE FIELD,Consumible
225,OSP0000043,DOME FOR BUFFER TUBE COYOTE,Consumible
233,OSP0000185,BANDEJAS PARA MUFAS PLP DE 24 O 48 PARA 12 FIBRAS,Consumible
246,OSP0001493,ODF DE 48 POSITIONS SC/UPC COMPLETE,Consumible
8,ACC0001587,GPON 1X8 G657A NC GENERICO SPLITTER GPOM 1X8 G657A  NC,Consumible
107,HME0000007,SNOW SHOES WITH HARDWARE,Consumible
237,OSP0001142,H007 VKOM H007 RETENTION SPIRAL FOR FIBER 12.7mm--13.2mm,Consumible
84,COR0000813,RMK-720-RK19  EXFO  CHASIS 8 SLOT OSC FWDM,Consumible
185,LML0002017,HQ-MT-NC-1515-001_RACK MOUNT KIT LANNER,Consumible
2,ACC0001020,ELECTRIC TAPE 3M AUTOFUNDENTE,Consumible
13,ACC0004461,PLASTIC STRAPS BLACK 7,Consumible
32,ACC0006383,ARMORED PATCHCORD SC/APC - SC/UPC G.657B3 SIMPLEX 5MTS LSZH YELLOW 3MM,Consumible
35,ACC0006389,ARMORED PATCHCORD SC/APC - SC/APC G.657B3 SIMPLEX 5MTS LSZH YELLOW 3MM,Consumible
40,ACC0006396,ARMORED PATCHCORD SC/UPC-SC/UPC G.657B3 SIMPLEX 3MT LSZH YELLOW 3.0MM,Consumible
24,ACC0005546,IRONWORK TYPE T,Consumible
245,OSP0001440,800015156 CLOSURE KIT FOR BUFFER TUBE COLOR BLUE COYOTE PLP,Consumible
85,COR0001046,MULTIRATE XFP MODULE FOR 10GBASE-LR AND OC192 SR-1,Consumible
292,TMS0002992,"8DG59418AA Alcatel-Lucent FULL SLOT BLANK - PSS32, PSS-16, PSS-4",Consumible
304,TMS0004402,"1AB390930002, SFP+ 10BASE-LR /10G FC 10KM SMF -5/+85, S10GB-LR, NOKIA",Consumible
68,ACC0008859,3HE04707AA_CF-4GB COMPACT FLASH_NOKIA,Consumible
289,TMS0001181,3HE06151AA 8 PORT GE SFP CARD (-48/+24 VDC),Consumible
111,HME0004805,8802_NO POLISH SC-UPC CONNECTOR NPC 1.6 TO 3.0MM JACKETED CABLE CORNING_3M,Consumible
63,ACC0008457,PLASTIC STRAPS BLACK 4 IN,Consumible
235,OSP0000428,"CLIP, WIRE 6MM BLACK (BLACK WIRE CLAMP)",Consumible
5,ACC0001304,VELCRO TAPE 3/4 INCH X 5 METERS  BLACK,Consumible
138,LML0000893,SCOTCH 4010-SP INDOOR MOUNTING TAPE,Consumible
39,ACC0006394,ARMORED PATCHCORD SC/UPC-SC/UPC G.657B3 SIMPLEX 1MT LSZH YELLOW 3.0MM,Consumible
38,ACC0006393,ARMORED PATCHCORD LC/UPC - SC/UPC G.657B3 SIMPLEX 3MTS LSZH YELLOW 3MM,Consumible
193,LML0002046,HQ-MT-NC-TL_SLIDERAIL RACKMOUNT TOOL LESS SLIDE RAILD KIT_LANNER,Consumible
231,OSP0000167,CRUCETA TIPO NAVEGA,Consumible
244,OSP0001439,ARMORED FIBER OPTIC G.652D CABLE 48 THREADS,Consumible
109,HME0004119,LC TO DUPLEX LC SINGLEMODE FIBER OPTIC PATCH CABLE + SMD9 LC LC 001 + CAMPLEX,Consumible
276,RAD0000755,F000FSL00 OPTICAL PATCH CORD(PCS),Consumible
69,ACC0009156,RACK-MOUNT DUAL-UNIT TRAY 19 INCH FOR INSTALLATION VEP1400_ DELL,Consumible
132,LML0000738,MA-INJ-4-US CISCO MERAKI MR 802.3AT POE INJECTOR (US PLUG),Consumible
189,LML0002031,2220369 ACCESS POINT POE ADAPTER W0ACPSE14 HUAWEI,Consumible
205,LML1000195,MA-INJ-5-US_MERAKI MULTIGIGABIT 802.3AT POE INJECTOR(US PLUG)_CISCO,Consumible
43,ACC0006446,ARMORED PATCHCORD SC/APC-LC/UPC G.657B3 SIMPLEX 10MT LSZH YELLOW 3.0MM,Consumible
72,ACC1000751,ARMORED PATCHCORD LC/UPC-LC/APC G.657B3 SIMPLEX 10MT LSZH YELLOW 3.0MM,Consumible
73,ACC1000761,ARMORED PATCHCORD SC/UPC-SC/APC G.657B3 SIMPLEX 10MT LSZH YELLOW 3.0MM,Consumible
74,ACC1000762,ARMORED PATCHCORD LC/APC-SC/UPC G.657B3 SIMPLEX 10MT LSZH YELLOW 3.0MM,Consumible
137,LML0000843,F O DROP CABLE FIGURE 8 COMPACT WHIT 1 OR 2 FIBERS OUTDOOR,Consumible
238,OSP0001203,2872012C1E1 PLP 2872012C1E1 DIELECTRIC DEAD-END FOR ADSS,Consumible
239,OSP0001204,4450105 PLP 4450105 ALUMINUM SUPPORT FOR ADSS,Consumible
136,LML0000828,PLASTIC TENSOR FOR F O DROP CABLE FIGURE 8 COMPACT,Consumible
232,OSP0000172,POSTE PTT 8-120,Consumible
71,ACC0010420,COY1-001_COYOTE ONE DOME CLOSURE 48 POS_PLP,Consumible
240,OSP0001269,80011822 PLP SUPPORT FOR DUAL ADSS FO CABLES,Consumible
42,ACC0006416,ARMORED PATCHCORD SC/APC-LC/UPC G.657B3 SIMPLEX 5MT LSZH YELLOW 3.0MM,Consumible
62,ACC0008429,ARMORED PATCHCORD LC/UPC-SC/UPC G.657B3 DUPLEX 5MTS LSZH YELLOW 3.0MM,Consumible
198,LML0002273,1900870000_RACK MOUNT KIT ETX-2V 19 INCH_RM-ETX-SI-19_RAD,Consumible
283,RAD0003085,MA-ANT-20 CISCO MERAKI 4/7 DBI DUAL BAND OMNI ANTENNAS,Consumible
242,OSP0001420,Mufa Coyote COYLCC-F008,Consumible
70,ACC0009257,OPTICAL COUPLER SC/UPC WITH SHUTTER,Consumible
67,ACC0008651,CABLE STP INTERPERIE 305 MTS.,Consumible
86,COR0001395,"25030101 HUAWEI C1025BL00 POWER CABLE,450V/750V,60227 IEC 02(RV),25MM^2,BLUE,110",Consumible
87,COR0001396,"25030431 HUAWEI C1025YG00 POWER CABLE,450V/750V,60227 IEC 02(RV),25MM^2,YELLOW/G",Consumible
88,COR0001397,"25030432 HUAWEI C1025BK00 POWER CABLE,450V/750V,60227 IEC 02(RV),25MM^2,BLACK,11",Consumible
213,LML1000323,MA-INJ-6_MULTIGIGABIT 802.3BT POWER OVER ETHERNET INJECTOR POE_MARAKI,Consumible
75,ACC1001135,35260143_OPTICAL ADAPTER 01F SM SC-APC ANGULAR WITH SHUTTER_FURUKAWA,Consumible
76,ACC1001144,35050381_CF FOR 6P DIN RAIL WHITE_FURUKAWA,Consumible
219,LML1000348,27012152_ISOTROPIC ANTENNA 3M 698MHZ-960MHZ/1710MHZ-2690MHZ_ASMAM0006_HUAWEI,Consumible
261,OSP1000090,COYLCC-F012_CLOSURE FOR SINGLE FUSION_COYOYE,Consumible
7,ACC0001586,GPON 1X4 G657A NC GENERICO SPLITTER GPOM 1X4 G657A  NC,Consumible
37,ACC0006392,ARMORED PATCHCORD LC/UPC - SC/UPC G.657B3 SIMPLEX 5MTS LSZH YELLOW 3MM,Consumible
34,ACC0006387,ARMORED PATCHCORD SC/APC - SC/APC G.657B3 SIMPLEX 3MTS LSZH YELLOW 3MM,Consumible
273,PWR1000292,UD1100002-01_CONVERTER SERIAL TO ETHERNET 100-240 VAC_UD1100IABP0-01_LANTRONIX,Consumible
208,LML1000270,7770020000_RACK MOUNTING ETX 2V CA/AC 2CMB 4U_RM V200/V210,Consumible
20,ACC0005229,SWITCH POE 8 PUERTO,Seriado
128,LML0000437,ROUTER CISCO 1921-SEC/K9,Seriado
274,RAD0000698,PSU MODULE (AC/DC) HUAWEI,Seriado
129,LML0000438,ROUTER CISCO 1941,Seriado
279,RAD0002615,HUAWEI ANTENNA ATD4516R8 8T8R DX 3300 3800 75 15.5I M R WITH RET,Seriado
21,ACC0005231,SWITCH POE 24 PUERTOS,Seriado
278,RAD0002614,HUAWEI RRU3278 8T8R INCLUDE TDD INTERNAL FILTER,Seriado
307,TMS0004849,"34061006, OTDR 80KMOSC TRANSCEIVER, OSC080N05, HUAWEI",Seriado
115,ITE0000985,SENTINEL MEDIATRIX 8E1-S111K10003MX000022222222 ROUTER / MEDIA GATEWAY / COMBO 8,Seriado
116,ITE0000987,Sentinel Mediatrix E1 CARD-090-00034-00-Tarjeta E1 - Mediatrix,Seriado
158,LML0001696,MX100-HW-ROUTER/SECURITY APPLINCE-MERAKI,Seriado
280,RAD0002652,02310WYG BBU3910 HERT BBU BOX HUAWEI,Seriado
152,LML0001558,XG 135WFIREWALL CON WIFISOPHOS,Seriado
281,RAD0002696,UBBPE4 UNIVERSAL BASEBAND PROCESSING UNIT E4 (3 CELLS 8T8R)WD2DUBBPE400 HUAWEI,Seriado
277,RAD0002160,"HUAWEI  RECTIFIER PSU MODULE(AC/DC),50A",Seriado
291,TMS0002404,S9300 HUAWEI Quidway Switch,Seriado
119,ITE0001530,PER740 SERVERPOWEREDGE R740 DELL EMC,Seriado
174,LML0001848,ISR4321 ROUTER SEC BUNDLE W/SEC LIC CISCO,Seriado
19,ACC0004860,AR0MSVA4B1A0 HUAWEI  AR 1220V HUAWEI Port FXS and 1-Port FXO Voice Interface Car,Seriado
58,ACC0007517,TS 2310 MX TELEPHONE INTELBRAS,Seriado
91,COR0001556,EQUIPO MEDIANT 500,Seriado
95,COR0001850,"EX4300, 48-PORT 10/100/1000BASET + 550W DC PS JUNIPER",Seriado
117,ITE0001337,WD PURPLE SURVEILLANCE HARD DRIVE S/N 4TB,Seriado
118,ITE0001338,WD PURPLE SURVEILLANCE HARD DRIVE S/N 6TB,Seriado
162,LML0001701,50083793-HG8245H5-G12-BROADBAND NETWORK TERMINAL ECHOLIFE HG8245H5 GPON SC/APC A,Seriado
164,LML0001762,"ISR4331/K9-ROUTER-ISR 4331 (3GE,2NIM,1SM,4G FLASH,4G DRAM,IPB)-CISCO",Seriado
166,LML0001764,"FWA-1012VC-4CA1VR-NETWORK APPLIANCE-VERSA(V210-LE455-W302),ANA-ADVANTECH",Seriado
169,LML0001767,FWA-1012VC-8CA1V-NETWORK APPLIANCE-VERSA(V220-NW)ADVANTECH,Seriado
173,LML0001826,HQ NCA 5510A V1 2 1K HQ NCA 5510A V1 2 4X O RAM DDR4240016GB D REG ID LANNER,Seriado
298,TMS0003435,RW-7300-2006 - UNIDAD CONCENTRADORA IDU-H  CON 6 PUERTOS POE  2 PUERTOS LAN DOS ,Seriado
299,TMS0003436,RW-5510-0A30 - UNIDAD SUBSCRIPTORA RADWIN HSU 510 ANTENA INTEGRADA DE 13 DBI DE ,Seriado
140,LML0001179,"M800B-ESBC EQUIPO MEDAINT 800B,MEDIANT",Seriado
141,LML0001181,"M1KB-VM-1SPAN, EQUIPO MEDIANT 1000B DIGITAL VOICE MODULE",Seriado
148,LML0001386,MS120-249-HW MERAKI 1G L2 CLOUD MANAGED 24X GIGE SWITCH CISCO,Seriado
149,LML0001387,MS20-8-P-HW MERAKI 220-8P L2 CLOUD MANAGED 8 PORT GIGE 124W POE SWITCH CISCO,Seriado
305,TMS0004406,"8DG61223AB, 8CH WL ROUTER-ADD SIDE FLEX GRID, WR8-88AF, NOKIA",Seriado
285,RAD0003336,RB3011UiAS-RM RB3011 ROUTER MiKROTIK,Seriado
183,LML0001981,RW-5H25-9P35 SUBSCRIBER UNIT RW-5H25-9P35 UP TO 25 MBPS 19DBI 3.5 GHZ RW-5H25-9P,Seriado
269,PWR0001726,ESM-48100B1 LITHIUM BATTERY HUAWEI,Seriado
184,LML0001989,C1111-4PLTELA CISCO 1000 SERIES INTEGRATED SERVICES ROUTERS. ISR 1100 4P DUAL GE,Seriado
120,ITE0001651,S4148F-ON DELL EMC NETWORKING SWITCH 48P 10GbE SFP+ 2PxQSFP+ 4PxQSFP28 S4100-ON ,Seriado
270,PWR0001742,P6WUSB_SUPPRESSOR OF PEAKS 6 OUTPUTS_APC,Seriado
186,LML0002023,AP7052DN ACCESS POINT HUAWEI,Seriado
188,LML0002025,BN-2600ACTC_CAMERA FOR ACCESS CONTROL TEMPERATURE INDICADOR_BOLIDE,Seriado
266,PWR0001074,LE0MPSA08 800 W AC POWER MODULE SWITCH S9300 HUAWEI,Seriado
313,TMS0006090,"02310QDT_10GBASE BIDI OPTICAL TRANSCEIVER SFP+ 10G,SINGLE-MODE MODULE(TX1330NM/R",Seriado
314,TMS0006091,"02310QBJ_10GBASE BIDI OPTICAL TRANSCEIVER SFP+ 10G,SINGLE-MODE MODULE(TX1270NM/R",Seriado
320,TMS0006141,OPTICAL TRANSCEIVER SFP 2.5G 1310NM SMF 20KM_GENERIC,Seriado
192,LML0002041,RW-5PG5-9630_HPMP JET-PRO 750 SERIES SECTOR BASE STATION_RADWIN,Seriado
194,LML0002066,LSE01_TEMPERATURE SENSOR/SOIL CONDUCTIVITY HUMIDITY US_DRAGINO,Seriado
195,LML0002069,TEKL-MACRO-ET-AZNA_KONA MACRO IOT GATEWAY/LORAWAN OUTDOOR CELULLAR/ETHERNET US_T,Seriado
196,LML0002076,RB760IGS_ETHERNET ROUTER 5XGBIT SFP DUAL CORE 880MHZ CPU_HEX-S_MIKROTIK,Seriado
203,LML1000192,MR36-HW_INDOOR CLOUD-MANAGED WI-FI 6 ACCESS POINT _MERAKI MR36_CISCO,Seriado
323,TMS0006419,RTU-2-730C-SM7-U64_OTDR REMOTE TEST UNIT FULL IOLM_EXFO,Seriado
105,COR1000212,02312GED_OSN 1800 MS-OTN EQUIPMENT SUPPORTING OTN ADN TDM_HUAWEI,Seriado
210,LML1000279,6911020000_SD-WAN / UCPE / VCPE V210 - ETX-2V-CA/AC/2CMB/4U/D4C/128S/8R,Seriado
324,TMS0007228,34060485_ESFP-SM1310-155M-2.5G-15KM_HUAWEI,Seriado
214,LML1000325,RCTMH012Q_COMPACT MODULAR ROUTER GE LA4+1GE+4GE+1SLOT+LTE BANDS_M1_TELDAT,Seriado
199,LML0002274,FG-100F-BDL-950-12_HARDWARE PLUS 24X7 FORTICARE /FORTIGUARD UTP_FG-100F_FORTINET,Seriado
200,LML0002275,FG-60F-BDL-950-12_HARDWARE PLUS 24X7 FORTICARE /FORTIGUARD UTP_FG-60F_FORTINET,Seriado
201,LML0002277,FG-40F-BDL-950-12_HARDWARE PLUS 24X7 FORTICARE /FORTIGUARD UTP_FG-40F_FORTINET,Seriado
202,LML0002278,FG-200F-BDL-950-12_HARDWARE PLUS 24X7 FORTICARE /FORTIGUARD UTP_FG-200F_FORTINET,Seriado
216,LML1000345,FG-40F_SWITCH FORTIWIFI FORTIGATE 40F_FORTINET,Seriado
217,LML1000346,FG-40F-3G4G_SWITCH FORTIWIFI FORTIGATE 40F-3G4G_FORTINET,Seriado
218,LML1000347,50010498_ROUTER 1*GE COMBO WAN 1*LTE WI-FI 2.4G+5G_AR617VW-LTE4_HUAWEI,Seriado
325,TMS0007361,QFX5120-48Y-AFO_ETHERNET SWITCH 48X25G+8X100G 1U AC AND PSU_QFX5120_JUNIPER,Seriado
286,RAD0004063,02353VUR_11AX INDOOR2+2 DUAL BANDS SMART ANTENA USB BLE_AIRENGINE 5761-11_HUAWEI,Seriado
342,TMS0007398,34070306_PLUGGABLE OPTICAL AMPLIFIER ULTRA C-BAND G. 23~32DB_TNG2OACU32S_HUAWEI,Seriado
341,TMS0007397,34070305_PLUGGABLE OPTICAL AMPLIFIER ULTRA C-BAND G. 19~25DB_TNG2OACU25S_HUAWEI,Seriado
326,TMS0007380,03034ATR_4*200G/100G PROGRAMABLE HYBRID LINE SERVICE P.BOARD_TNS8N502C06_HUAWEI,Seriado
335,TMS0007391,03033FNS_60-CHANNEL MULTIPLEXING BOARD(SUPER C EVEN 196.6THZ)_TNG2M6001_HUAWEI,Seriado
336,TMS0007392,03033FNG_ 9-PORTS FLEXIBLE WAVELENGTH SELECTIVE MULTIPLEXING_TNG2WSMD901_HUAWEI,Seriado
337,TMS0007393,03026SWB_TWO-BIDIRECTIONAL OPTICAL SUPERVISORY CHANNEL_TNG2AST2_HUAWEI,Seriado
338,TMS0007394,3059846_E667SUPER C-BAND OA BASE BOARD/2 PLUGGABLE PORTS_TNG2DAPXF-R2_HUAWEI,Seriado
339,TMS0007395,03026SUP_MANUFACTURED BOARD OPTIX OSN 9800&9600 ULTRA C-BAND_TNG2DAP_HUAWEI,Seriado
340,TMS0007396,34070302_PLUGGABLE OPTICAL AMPLIFIER ULTRA C-BAND G. 8~14DB_TNG2OACU14S_HUAWEI,Seriado
334,TMS0007390,03033FNU_60-CHANNEL DEMULTIPLEXING BOARD(SUPER C_EVEN 196.6THZ)_TNG2D6001_HUAWEI,Seriado
327,TMS0007383,"2116079_A63B TYPE ETSI RACK (2200*600*300MM,LSZH) W-O/SUBRACK_TMFB1RACK04_HUAWEI",Seriado
328,TMS0007384,02301555-001_ASSEMBLY SUBRACK (OSN 9800 M12)_TMFK1AFB07_HUAWEI,Seriado
329,TMS0007385,03033VNE_SYSTEM AUXILIARY COMMUNICATION BOARD_TMF3AUX02_HUAWEI,Seriado
330,TMS0007386,03033TBE_SYSTEM AUXILIARY COMMUNICATION BOARD WITH CLOCK PF_TME3CTU01_HUAWEI,Seriado
331,TMS0007387,03033FNK_8 CHANNEL FLEXIBLE BANDWIDTH OPTI POWER MONITOR BOARD_TNG2OPM801_HUAWEI,Seriado
332,TMS0007388,03033FMA_OPTICAL LINE PROTECTION BOARD(N-L SM SUPER C_BAND)_TNG2OLP04_HUAWEI,Seriado
333,TMS0007389,"03033FNJ_INTERLEAVER BOARD(SUPER C_BAND,100/50GHZ)_TNG2ITL06_HUAWEI",Seriado
220,LML1000361,50084436_INTELLIGENT ROUTING-TYPE ONT 2POTS+4GE ECHOLIFE_HG8245W5-6T_HUAWEI,Seriado
271,PWR1000290,02352CAB_FAN BOX(B FAN PANEL SIDE EXHAUST)_FAN-031A-B_HUAWEI,Seriado
343,TMS0007427,02352QGF-003_SWITCH (48* 10G SFP+6*100G QSFP28 WITHOUT FAN)_CE6881-48S6CQ_HUAWEI,Seriado
272,PWR1000291,02312QJK_1000W DC POWER MODULE (BACK TO FRONT POWER PANEL)_PDC1000S12-DB_HUAWEI,Seriado
344,TMS0007447,"03033FUU_200G CFPF23(LHD, SDFEC2/200G E16QAM/100G QPSK/ETC)_TN14C2CFPF23_HUAWEI",Seriado
222,LML1000366,XY1CTCHUS_SECURITY APPLIANCE-US POWER CORD_XGS-126W_SOPHOS,Seriado
223,LML1000367,XY1DTCHUS_SECURITY APPLIANCE-US POWER CORD_XGS-136W_SOPHOS,Seriado
106,COR1000458,RAX711-C-R-DC/D_COMPACT 10G NID HALF-19 INCH WIDE 4X10G SFP_RAX711-C-R_RAISECOM,Seriado
345,TMS0007452,02313URL_TRANSCEIVER SFP+10G SINGLE-MODE MODULE (1310N 10KM LC)_SFP-10G-LR_HUAWE,Seriado
275,RAD0000754,"ESFP-1310NM-1000BASE-LX SM OPTICAL TRANSCEIVER,ESFP,1310NM,1.25GB/S,-9~-3DBM,-20",Seriado
94,COR0001809,TNV3T230 30*10G TRIBUTARY SERVICE PROCESSING BOARD,Seriado
288,TMS0000837,"UC3900-A SF4, SUBRACK TELLABS",Seriado
287,TMS0000426,CM1011-ST PSF POWER SUPPLY FILTER MODULE PACKAGED TELLABS,Seriado
248,OSP0001773,FIBREFAB ODF 24 SC/UPC COMPLETO PATCH PANEL,Seriado
93,COR0001727,EXFO FWDM 1650NM WDM FILTER MODULE SC APC,Seriado
262,PWR0000011,1600B-48-4 POWER RECTIFIER DELTA DPS,Seriado
263,PWR0000031,DPR 1600B-48 RECTIFIER MODULE DELTA,Seriado
308,TMS0004948,3HE05180AA FAN - 7750 SR-7 ENHANCED FAN TRAY NOKIA,Seriado
309,TMS0004973,8DG63207AA S13X100R 100G MUX/XPDR/UPLINK(REGIONAL) NOKIA,Seriado
249,OSP0001830,81.71M-SMTMUX-R6 SUBRATE MULTIPLEXER TRANSPONDER MODULE UNIVERSAL XFP (SMTM-UX) ,Seriado
100,COR0003075,"03032YHC_200G CFPT23(LHD, SDFEC2@200G E16QAM/100G QPSK/ETC.,FLEX RATE, COHERENT,",Seriado
101,COR0003076,"03033FTV_UNIVERSAL CROSS CONNECT,SYSTEM CONTROL AND CLOCK PROCESOKNG BOARD, TNG3",Seriado
99,COR0003073,03025MAV_4x200G LINE SERVICE PROCESOKNG BOARD (WO CFP) TNS2N504_HUAWEI,Seriado
104,COR0003082,"03032YEU_2x200G LINE SERVICE PROCESOKNG BOARD (WO CFP), TNS2N502_HUAWEI",Seriado
102,COR0003077,"03033HNS_HIGH ORDER CROSS-CONNECT BOARD, TNG3CXCS02_HUAWEI",Seriado
312,TMS0005940,"34061478_OPTICAL TRANSCEIVER,QSFP-100G-LR4,10KM, QSFP28-100G-1295NM~1310NM-10KM-",Seriado
103,COR0003078,"03032VNA_100G CFPT61(ULH,SDFEC2,COHERENT WDCM,TUNABLE,EXTENDED C BAND,-5DBM,-1DB",Seriado
316,TMS0006119,OPTICAL TRANSCEIVER SFP 1.25G 1310NM SMF 40KM_GENERIC,Seriado
317,TMS0006122,OPTICAL TRANSCEIVER SFP 1.25G 1550NM SMF 10KM_GENERIC,Seriado
318,TMS0006136,OPTICAL TRANSCEIVER SFP 10G 1310NM SMF 10KM_GENERIC,Seriado
319,TMS0006137,OPTICAL TRANSCEIVER SFP 10G 1550NM SMF 40KM_GENERIC,Seriado
315,TMS0006114,OPTICAL TRANSCEIVER CFP2 100G 1310NM SMF 10KM_GENERIC,Seriado
321,TMS0006153,OPTICAL TRANSCEIVER XFP 10G 1310 NM SMF 10KM_GENERIC,Seriado
322,TMS0006156,OPTICAL TRANSCEIVER XFP 10G 1550NM SMF 40KM_GENERIC,Seriado
4,ACC0001298,AIR CONDITIONER,Seriado
122,LML0000014,1841 MODULAR ACCESS ROUTER 1841 CISCO,Seriado
113,ITE0000458,ACCESS POINT MERAKI,Seriado
124,LML0000149,2811-DC INTEGRATED SERVICES ROUTER CISCO,Seriado
126,LML0000288,HWIC-1FE 1-PORT 10/100 ROUTED PORT HWIC CISCO,Seriado
265,PWR0000202,UPS,Seriado
10,ACC0003172,81.86Z155MSS111-R5 TELLABS FO SFP XCVR 155M/S-1.1/100B-X SMF 15KM,Seriado
89,COR0001549,ROUTER MIKROTIK CLOUD CORE,Seriado
61,ACC0007820,VT680 WIRELESS PHONE DECT VTECH,Seriado
114,ITE0000955,FIREWALL FORTIGATE FG,Seriado
157,LML0001691,FORTIGATE 200E SERIES 200E/201E-18XGE RJ45-FORTINET,Seriado
247,OSP0001494,ODF DE 48 POSITIONS SC/APC COMPLETE,Seriado
282,RAD0002748,MR74-HW MERAKI MR74H CLOUD MANAGED AP,Seriado
268,PWR0001391,MTS9300A-XA10A2 BATTERY CABINET FOR LI-BATTERY HUAWEI,Seriado
123,LML0000148,2811 - AC INTEGRATED SERVICES ROUTER CISCO,Seriado
127,LML0000380,WS-C3524-XL CATALYST CISCO,Seriado
131,LML0000618,RB2011 MIKROTIK LS-IN UNIFIED CPE,Seriado
306,TMS0004668,"Optical Transceiver(SFP+,1310nm,10Gb/s,-8.2 0.5dBm,-12.6dBm,LC,SM,10km) OSX00100",Seriado
310,TMS0005502,WD2DUMPTG200 UNIVERSAL MAIN PROCESSING AND TRANSMISSION UNIT G2 UMPTG2 HUAWEI,Seriado
18,ACC0004857,AR0M012VBA00 HUAWEI  AR 1220V HUAWEI AR 1220V,Seriado
60,ACC0007568,BN-NVR/32NX-32 CHANNEL 4K H.265 NVR WITH 32-PORT BUIL-IN POE BOLIDE,Seriado
80,ADM0000984,"BN8019H.265 5MP 3.6MM FIXED LENS IP66 IR EYEBALLl CAMERA, POE, 12VDC, IR UO TO 7",Seriado
81,ADM0000985,"BN8035 H.265 5MP 3.6MM FIXED LENS IP66 IR BULLET CAMERA, POE, 12VDC, IR Up to 75",Seriado
82,ADM0000986,"BN8036H.265 5MP 2.8-12MM MOTORIZED LENS VARIFOCAL IP66 IR BULLETt CAMERA, POE, 1",Seriado
90,COR0001555,EQUIPO MEDIANT 500L,Seriado
92,COR0001558,EQUIPO MEDIANT 2600,Seriado
96,COR0002203,WD2M0BBU5900 BASEBAND UNIT BBU5900 HUAWEI,Seriado
97,COR0002204,WD5MPRUGHA00 REMOTE RADIO UNIT RRU5258 HUAWEI,Seriado
98,COR0002225,MR33-HW MERAKI MR33H CLOUD MANAGED AP,Seriado
110,HME0004396,HUAWEI CPE B2368-66,Seriado
153,LML0001640,RCRSH123W4GLQAM-EQUIPO 3G & LTE BANDA 5 Y 7 TELDAT,Seriado
154,LML0001660,CCR1009-7G-1C-1S+ CLOUD CORE ROUTER 7GB ETHERNET 1XSFP+CAGE 9 CORES X 1.2GHZ CPU,Seriado
155,LML0001661,CCR1036-8G-2S+EM CLOUD CORE ROUTER 8GB ETHERNET 2XSFP+CAGE 36 CORES X 1.2GHZ CPU,Seriado
156,LML0001687,LAPAC1200C DUAL-BAND CLOUD ACCESS POINT LINKSYS,Seriado
160,LML0001698,FW-7551SEB-INTEL-C2558-4CORE-WITH QA 2XDDR3-ECC-SO-DIMM 4XBGE-RJ45-LANPORTS+2XSF,Seriado
161,LML0001699,FW-7551SEC-INTEL-C2758-8CORE-WITH QA 2XDDR3-ECC-SO-DIMM 4XBGE-RJ45-LANPORTS+2XSF,Seriado
163,LML0001753,IPMUX 2LTDM PSEUDOWIRE ACCESS GATEWAY RAD,Seriado
165,LML0001763,"GLC-LH-SMD-TRANSCEIVER-1000BASE-LX/LH SFP-MODULE-MMF/SMF, 1310nm, DOM-CISCO",Seriado
171,LML0001786,NW030LKS04 LACPI30 POE INJECTOR LINKSYS,Seriado
172,LML0001825,A NCA 1515A LE2 2X O RAM DDR424008GB S ECC ID LANNER,Seriado
108,HME0002988,HUAWEI CPE B2338 168,Seriado
296,TMS0003432,RW-5200-0230 - RADIO BASE RADWIN HBS  BANDA DE 3.5 GHZ  TDD CONECTORES PARA ANTE,Seriado
297,TMS0003433,RW-9061-3901 - ANTENA PANEL  DOBLE POLARIDAD PARA RADIO BASE 14DBI DE GANANCIA  ,Seriado
267,PWR0001390,MTS9302A-HX10A3 (POWER CABINET FOR LI-BATTERY) + CONTROLLER INTEGRATED HUAWEI,Seriado
284,RAD0003086,MA-ANT-27 CISCO MERAKI 9/12 DBI DUAL BAND SECTOR ANTENNAS,Seriado
133,LML0000759,MR66-HW MERAKI-CISCO MR66 MERAKI MODELO MR66,Seriado
139,LML0001177,RB2011iL-RM ROUTER SMALL BUSINESS RB2011iL MIKROTIK,Seriado
142,LML0001182,2POTS+4GE+WiFi GPON CON INTERFAZ WIFI Y CAPACIDAD PARA 2 LINEAS TELEFONICAS HG82,Seriado
143,LML0001297,M350K60000MX000020000000 G7 WITH 1 PRI MEDIATRIX,Seriado
144,LML0001346,RAX701-GC-WP 701-GC-WP ROUTER CAPACDAD/ 1GE COMBO AND 2GE SFP INTEFACE X= POWER ,Seriado
145,LML0001347,"RAX711-L-4GC-AC/S 711-L-4GC-AC/S ROUTERS ON ALTA CAPACIDAD/ 4GC COMBO, X COULD B",Seriado
146,LML0001373,50010214 AR16GL ROUTER AR161G L 1GE WAN 4GE LAN LTE,Seriado
147,LML0001375,SWTICH TP LINK AC750 WIFI AV1000 GIGABIT,Seriado
150,LML0001388,MA-SFP-1GB-SX MERAKI 1 GBE SFP CISCO,Seriado
311,TMS0005923,WD22UBBPG2 UNIVERSAL BASEBAND PROCESSING UNIT G2 UBBPG2 HUAWEI,Seriado
187,LML0002024,AP4050DN ACCESS POINT HUAWEI,Seriado
190,LML0002039,ISR4221/K9_ROUTER ISR 4221-2GE 2NIM 8G FLASH 4G DRAM IPB_CISCO,Seriado
191,LML0002040,ISR4431/K9_ROUTER ISR4431 4GE 3NIM 8G FLASH 4G DRAM IPB_CISCO,Seriado
121,ITE0001684,210-AREH_ X86 NETWORKING VIRTUAL EDGE PLATFORM 1405 SERIES_VEP1425_DELL,Seriado
64,ACC0008478,2.0C-H5A-BO1-IR_OUTDOOR BULLET CAMERA_H5A-BO-IR_AVIGILON,Seriado
112,HME0004861,B2368-57_CPE LTE OUTDOOR (ODU+IDU)_HUAWEI,Seriado
204,LML1000194,MR76-HW_OUTDOOR CLOUD-MANAGED WI-FI 6 ACCESS POINT_MERAKI MR76_CISCO,Seriado
206,LML1000206,HG8247W5_INTELLIGENT ROUTING-TYPE ONT_ECHOLIFE_HUAWEI,Seriado
207,LML1000269,6911010000_SD-WAN UCPE VCPE V210 ETX-2V-CA/AC 2CMB,Seriado
209,LML1000278,EDS01612N-02-MULTI-PORT_SECURE DEVICE SERVER 1U 16-PORT 100-240 VAC_EDS16PR_LANT,Seriado
211,LML1000286,ACCESSPOINT AC1300 MU-MIMO CLOUD MANAGED INDOOR AP_LAPAC1300C_LINKSYS,Seriado
212,LML1000287,POE INJECTOR 30W 802.3AT GIGABIT_LAPPI30W_LINKSYS,Seriado
197,LML0002272,6911700000_ETX-2V-SI/AC/2CMB/6U/D4C/64E/8R/LE_V210-6U_RAD,Seriado
215,LML1000327,RCATASF2_TRANSCEIVER SX SFP GE CONNECTOR LC 850 NM_TELDAT,Seriado
221,LML1000365,XY1BTCHUS_SECURITY APPLIANCE-US POWER CORD_XGS-116W_SOPHOS,Seriado
